field,question,question_type,description,analysis_usage
序号,系统字段,system,删除：序号/时间/来源/IP等元数据,仅质量审计
提交答卷时间,系统字段,system,删除：序号/时间/来源/IP等元数据,仅质量审计
所用时间,系统字段,system,填写时长只保留分档,仅质量审计
来源,系统字段,system,删除：序号/时间/来源/IP等元数据,仅质量审计
来源详情,系统字段,system,删除：序号/时间/来源/IP等元数据,仅质量审计
来自IP,系统字段,system,删除：序号/时间/来源/IP等元数据,仅质量审计
q01,1、你目前接触程序设计大约多久？,single_choice,单一分类值；未收集客观能力或学习成效,主分析含valid及suspected；附valid-only敏感性
q02,2、你目前对 C/C++ 的掌握程度更接近哪一种？,single_choice,单一分类值；未收集客观能力或学习成效,主分析含valid及suspected；附valid-only敏感性
q03,3、在参加集训之前，你是否参加过程序设计相关竞赛？,single_choice,单一分类值；未收集客观能力或学习成效,主分析含valid及suspected；附valid-only敏感性
q04,4、你目前每周大约会花多少时间学习程序设计或算法？,single_choice,单一分类值；未收集客观能力或学习成效,主分析含valid及suspected；附valid-only敏感性
q05,5、目前程序设计学习中，你觉得比较困难的是哪些方面？,multiple_choice,┋分隔，多标签；其他附言删除,主分析含valid及suspected；附valid-only敏感性
q06,6、做一道不会的题时，你通常会坚持独立思考多久再寻求帮助？,single_choice,单一分类值；未收集客观能力或学习成效,主分析含valid及suspected；附valid-only敏感性
q07,7、当一道题长时间不会时，你通常会怎么处理？,multiple_choice,┋分隔，多标签；其他附言删除,主分析含valid及suspected；附valid-only敏感性
q08,8、你是否曾经遇到过“其实有问题想问，但最后没有问别人”的情况？,single_choice,单一分类值；未收集客观能力或学习成效,主分析含valid及suspected；附valid-only敏感性
q09,9、哪些原因可能让你不愿意向教练、老师或学长学姐提问？,multiple_choice,┋分隔，多标签；其他附言删除,主分析含valid及suspected；附valid-only敏感性
q10,10、下面哪些情况在你的训练过程中出现过？,multiple_choice,┋分隔，多标签；其他附言删除,主分析含valid及suspected；附valid-only敏感性
q11,11、如果可以匿名向集训队提一个你目前最想解决的问题，你会问什么？,open_text,开放原文仅本地读取，输出主题标签，不输出原文,主题编码与短语文档频率
q12,12、你是否使用过 AI 辅助编程或算法学习？,single_choice,单一分类值；未收集客观能力或学习成效,主分析含valid及suspected；附valid-only敏感性
q13,13、你使用过哪些 AI 工具？,multiple_choice,┋分隔，多标签；其他附言删除,AI细节仅71名适用者；(跳过)为结构性缺失
q14,14、在程序设计学习中，你通常使用 AI 做什么？,multiple_choice,┋分隔，多标签；其他附言删除,AI细节仅71名适用者；(跳过)为结构性缺失
q15,15、当 AI 给出一道题的完整代码时，你通常会怎么做？,single_choice,单一分类值；未收集客观能力或学习成效,AI细节仅71名适用者；(跳过)为结构性缺失
q16,16、AI 给出的答案，你通常会验证吗？,single_choice,单一分类值；未收集客观能力或学习成效,AI细节仅71名适用者；(跳过)为结构性缺失
q17,17、你在使用 AI 学习程序设计时遇到过哪些问题？,multiple_choice,┋分隔，多标签；其他附言删除,AI细节仅71名适用者；(跳过)为结构性缺失
q18,18、假设存在一个专门用于 ACM/程序设计竞赛训练的 AI 助手，你最可能使用哪些功能？,multiple_choice,┋分隔，多标签；其他附言删除,主分析含valid及suspected；附valid-only敏感性
q19,19、如果上面的功能只能保留一个，你最希望保留什么？,single_choice,单一分类值；未收集客观能力或学习成效,主分析含valid及suspected；附valid-only敏感性
q20,20、做一道不会的题时，你希望 AI 在什么阶段介入？,single_choice,单一分类值；未收集客观能力或学习成效,主分析含valid及suspected；附valid-only敏感性
q21,21、你更希望 AI 怎样告诉你题目的解法？,single_choice,单一分类值；未收集客观能力或学习成效,主分析含valid及suspected；附valid-only敏感性
q22,22、如果系统能够长期记录你的训练数据，你愿意记录哪些信息？,multiple_choice,┋分隔，多标签；其他附言删除,主分析含valid及suspected；附valid-only敏感性
q23,23、如果集训队提供这样一个训练辅助系统，你是否愿意参与早期测试？,single_choice,单一分类值；未收集客观能力或学习成效,主分析含valid及suspected；附valid-only敏感性
q24,24、对于现在的集训方式，你最希望改变的一件事情是什么？,open_text,开放原文仅本地读取，输出主题标签，不输出原文,主题编码与短语文档频率
q25,25、如果让你设计一个“真正适合 ACM 训练的 AI”，你最希望它解决什么问题？,open_text,开放原文仅本地读取，输出主题标签，不输出原文,主题编码与短语文档频率
