feature,multi_count,top_choice_count,top_choice_within_multi,top_choice_outside_multi,denominator
根据我的水平推荐题目,57,17,15,2,78
自动制定阶段训练计划,38,10,10,0,78
遇到不会的题时逐步给思路,38,2,2,0,78
通过提问引导我自己找到答案，而不是直接给完整代码,32,16,12,4,78
判断我在哪些知识点比较薄弱,29,4,3,1,78
帮我检查代码中的问题,28,8,6,2,78
讲解算法知识点,19,6,3,3,78
自动分析我的 WA、TLE、RE,14,3,2,1,78
讲解题解,14,2,1,1,78
自动记录错题,12,3,2,1,78
随时回答“不好意思问别人”的基础问题,11,4,1,3,78
比赛结束后自动生成复盘报告,8,0,0,0,78
根据历史做题记录生成能力画像,7,0,0,0,78
统计自己的训练进度,5,0,0,0,78
根据全队训练情况帮助教练发现共同薄弱点,4,1,1,0,78
自动安排复习,4,1,0,1,78
将集训队高频问题整理后提供给教练,1,1,1,0,78
