question_id,question,respondents,literal_empty,structural_skip,no_substantive_open_text,eligible_denominator
1,1、你目前接触程序设计大约多久？,78,0,0,0,78
2,2、你目前对 C/C++ 的掌握程度更接近哪一种？,78,0,0,0,78
3,3、在参加集训之前，你是否参加过程序设计相关竞赛？,78,0,0,0,78
4,4、你目前每周大约会花多少时间学习程序设计或算法？,78,0,0,0,78
5,5、目前程序设计学习中，你觉得比较困难的是哪些方面？,78,0,0,0,78
6,6、做一道不会的题时，你通常会坚持独立思考多久再寻求帮助？,78,0,0,0,78
7,7、当一道题长时间不会时，你通常会怎么处理？,78,0,0,0,78
8,8、你是否曾经遇到过“其实有问题想问，但最后没有问别人”的情况？,78,0,0,0,78
9,9、哪些原因可能让你不愿意向教练、老师或学长学姐提问？,78,0,0,0,78
10,10、下面哪些情况在你的训练过程中出现过？,78,0,0,0,78
11,11、如果可以匿名向集训队提一个你目前最想解决的问题，你会问什么？,78,44,0,2,78
12,12、你是否使用过 AI 辅助编程或算法学习？,78,0,0,0,78
13,13、你使用过哪些 AI 工具？,78,0,7,0,71
14,14、在程序设计学习中，你通常使用 AI 做什么？,78,0,7,0,71
15,15、当 AI 给出一道题的完整代码时，你通常会怎么做？,78,0,7,0,71
16,16、AI 给出的答案，你通常会验证吗？,78,0,7,0,71
17,17、你在使用 AI 学习程序设计时遇到过哪些问题？,78,0,7,0,71
18,18、假设存在一个专门用于 ACM/程序设计竞赛训练的 AI 助手，你最可能使用哪些功能？,78,0,0,0,78
19,19、如果上面的功能只能保留一个，你最希望保留什么？,78,0,0,0,78
20,20、做一道不会的题时，你希望 AI 在什么阶段介入？,78,0,0,0,78
21,21、你更希望 AI 怎样告诉你题目的解法？,78,0,0,0,78
22,22、如果系统能够长期记录你的训练数据，你愿意记录哪些信息？,78,0,0,0,78
23,23、如果集训队提供这样一个训练辅助系统，你是否愿意参与早期测试？,78,0,0,0,78
24,24、对于现在的集训方式，你最希望改变的一件事情是什么？,78,35,0,5,78
25,25、如果让你设计一个“真正适合 ACM 训练的 AI”，你最希望它解决什么问题？,78,37,0,0,78
