topic,label,unique_respondents,denominator,percent_all
teaching_pace,授课节奏与消化时间,16,78,20.512821
teaching_clarity,讲解方式与细致程度,14,78,17.948718
practice_feedback,讲练结合与作业反馈,14,78,17.948718
knowledge_gap,基础语法与知识缺口,16,78,20.512821
learning_path,学习路线、目标与计划,13,78,16.666667
problem_recommendation,适配题目与迁移练习,6,78,7.692308
progressive_hint,逐步引导与保留思考,11,78,14.102564
debugging,错误定位与原因解释,12,78,15.384615
algorithm_explanation,解题思路与知识解释,17,78,21.794872
problem_comprehension,题意理解与表达,2,78,2.564103
review,错题复习与巩固,5,78,6.410256
personalization,个人水平与薄弱点,6,78,7.692308
human_help,真人答疑与求助负担,3,78,3.846154
organization_access,时间地点与组织安排,4,78,5.128205
motivation,信心、乐趣与参与动力,3,78,3.846154
challenge_level,更高难度与竞赛目标,5,78,6.410256
ai_boundaries,AI 使用边界与资源,3,78,3.846154
unspecified,诉求不够具体,2,78,2.564103
