question_id,phrase,document_count,substantive_n,percent,regex
11,授课节奏,6,32,18.750000,进度|讲.*慢|速度|语速|跟不上|减慢
11,基础知识,6,32,18.750000,基础|语法|概念|特殊名词|每个字符
11,讲解清晰,2,32,6.250000,清楚|清晰|详细|讲细|讲的细|理解的方式|吐字
11,学习路线,3,32,9.375000,顺序|途径|系统学习|知识体系|学习.*规划|规划.*学习|学习方案
11,训练计划,2,32,6.250000,计划|方案|规划
11,学习目标,3,32,9.375000,目标|阶段该|入队
11,讲练结合,1,32,3.125000,多练|做点题|写代码时间|敲代码|直接写题|讲竞赛题|在课上通过
11,作业讲评,3,32,9.375000,上次留的题|做过的题|题写完|题目的讲解
11,错误定位,0,32,0.000000,错误|bug|debug|纠错|代码问题|错在哪里|出错
11,解题思路,1,32,3.125000,思路|算法执行|分析应如何入手
11,逐步提示,0,32,0.000000,逐步(?:给|提供|讲解|分析)|一步一步|引导|不给|不要给完整|不直接
11,推荐题目,1,32,3.125000,习题|练习题|类似题型|刷基础题|目标和题目
11,薄弱知识点,0,32,0.000000,薄弱|知识点经常|知识点不会
11,错题复习,0,32,0.000000,错题|做错|巩固
11,个性化,0,32,0.000000,每个人|个人能力|不同水平|分层|根据情况
24,授课节奏,10,38,26.315789,进度|讲.*慢|速度|语速|跟不上|减慢
24,基础知识,7,38,18.421053,基础|语法|概念|特殊名词|每个字符
24,讲解清晰,8,38,21.052632,清楚|清晰|详细|讲细|讲的细|理解的方式|吐字
24,学习路线,1,38,2.631579,顺序|途径|系统学习|知识体系|学习.*规划|规划.*学习|学习方案
24,训练计划,0,38,0.000000,计划|方案|规划
24,学习目标,1,38,2.631579,目标|阶段该|入队
24,讲练结合,7,38,18.421053,多练|做点题|写代码时间|敲代码|直接写题|讲竞赛题|在课上通过
24,作业讲评,1,38,2.631579,上次留的题|做过的题|题写完|题目的讲解
24,错误定位,0,38,0.000000,错误|bug|debug|纠错|代码问题|错在哪里|出错
24,解题思路,0,38,0.000000,思路|算法执行|分析应如何入手
24,逐步提示,0,38,0.000000,逐步(?:给|提供|讲解|分析)|一步一步|引导|不给|不要给完整|不直接
24,推荐题目,1,38,2.631579,习题|练习题|类似题型|刷基础题|目标和题目
24,薄弱知识点,1,38,2.631579,薄弱|知识点经常|知识点不会
24,错题复习,1,38,2.631579,错题|做错|巩固
24,个性化,0,38,0.000000,每个人|个人能力|不同水平|分层|根据情况
25,授课节奏,1,41,2.439024,进度|讲.*慢|速度|语速|跟不上|减慢
25,基础知识,3,41,7.317073,基础|语法|概念|特殊名词|每个字符
25,讲解清晰,2,41,4.878049,清楚|清晰|详细|讲细|讲的细|理解的方式|吐字
25,学习路线,2,41,4.878049,顺序|途径|系统学习|知识体系|学习.*规划|规划.*学习|学习方案
25,训练计划,3,41,7.317073,计划|方案|规划
25,学习目标,1,41,2.439024,目标|阶段该|入队
25,讲练结合,0,41,0.000000,多练|做点题|写代码时间|敲代码|直接写题|讲竞赛题|在课上通过
25,作业讲评,0,41,0.000000,上次留的题|做过的题|题写完|题目的讲解
25,错误定位,12,41,29.268293,错误|bug|debug|纠错|代码问题|错在哪里|出错
25,解题思路,9,41,21.951220,思路|算法执行|分析应如何入手
25,逐步提示,9,41,21.951220,逐步(?:给|提供|讲解|分析)|一步一步|引导|不给|不要给完整|不直接
25,推荐题目,3,41,7.317073,习题|练习题|类似题型|刷基础题|目标和题目
25,薄弱知识点,4,41,9.756098,薄弱|知识点经常|知识点不会
25,错题复习,3,41,7.317073,错题|做错|巩固
25,个性化,4,41,9.756098,每个人|个人能力|不同水平|分层|根据情况
