question_id,topic,label,count,substantive_n,percent_substantive,percent_all
11,teaching_pace,授课节奏与消化时间,7,32,21.875000,8.974359
11,teaching_clarity,讲解方式与细致程度,5,32,15.625000,6.410256
11,practice_feedback,讲练结合与作业反馈,4,32,12.500000,5.128205
11,knowledge_gap,基础语法与知识缺口,7,32,21.875000,8.974359
11,learning_path,学习路线、目标与计划,9,32,28.125000,11.538462
11,problem_recommendation,适配题目与迁移练习,1,32,3.125000,1.282051
11,progressive_hint,逐步引导与保留思考,0,32,0.000000,0.000000
11,debugging,错误定位与原因解释,0,32,0.000000,0.000000
11,algorithm_explanation,解题思路与知识解释,3,32,9.375000,3.846154
11,problem_comprehension,题意理解与表达,1,32,3.125000,1.282051
11,review,错题复习与巩固,0,32,0.000000,0.000000
11,personalization,个人水平与薄弱点,1,32,3.125000,1.282051
11,human_help,真人答疑与求助负担,0,32,0.000000,0.000000
11,organization_access,时间地点与组织安排,2,32,6.250000,2.564103
11,motivation,信心、乐趣与参与动力,1,32,3.125000,1.282051
11,challenge_level,更高难度与竞赛目标,2,32,6.250000,2.564103
11,ai_boundaries,AI 使用边界与资源,1,32,3.125000,1.282051
11,unspecified,诉求不够具体,0,32,0.000000,0.000000
24,teaching_pace,授课节奏与消化时间,11,38,28.947368,14.102564
24,teaching_clarity,讲解方式与细致程度,11,38,28.947368,14.102564
24,practice_feedback,讲练结合与作业反馈,11,38,28.947368,14.102564
24,knowledge_gap,基础语法与知识缺口,7,38,18.421053,8.974359
24,learning_path,学习路线、目标与计划,2,38,5.263158,2.564103
24,problem_recommendation,适配题目与迁移练习,2,38,5.263158,2.564103
24,progressive_hint,逐步引导与保留思考,0,38,0.000000,0.000000
24,debugging,错误定位与原因解释,0,38,0.000000,0.000000
24,algorithm_explanation,解题思路与知识解释,3,38,7.894737,3.846154
24,problem_comprehension,题意理解与表达,0,38,0.000000,0.000000
24,review,错题复习与巩固,1,38,2.631579,1.282051
24,personalization,个人水平与薄弱点,0,38,0.000000,0.000000
24,human_help,真人答疑与求助负担,2,38,5.263158,2.564103
24,organization_access,时间地点与组织安排,4,38,10.526316,5.128205
24,motivation,信心、乐趣与参与动力,1,38,2.631579,1.282051
24,challenge_level,更高难度与竞赛目标,2,38,5.263158,2.564103
24,ai_boundaries,AI 使用边界与资源,0,38,0.000000,0.000000
24,unspecified,诉求不够具体,1,38,2.631579,1.282051
25,teaching_pace,授课节奏与消化时间,1,41,2.439024,1.282051
25,teaching_clarity,讲解方式与细致程度,0,41,0.000000,0.000000
25,practice_feedback,讲练结合与作业反馈,0,41,0.000000,0.000000
25,knowledge_gap,基础语法与知识缺口,4,41,9.756098,5.128205
25,learning_path,学习路线、目标与计划,5,41,12.195122,6.410256
25,problem_recommendation,适配题目与迁移练习,4,41,9.756098,5.128205
25,progressive_hint,逐步引导与保留思考,11,41,26.829268,14.102564
25,debugging,错误定位与原因解释,12,41,29.268293,15.384615
25,algorithm_explanation,解题思路与知识解释,15,41,36.585366,19.230769
25,problem_comprehension,题意理解与表达,1,41,2.439024,1.282051
25,review,错题复习与巩固,4,41,9.756098,5.128205
25,personalization,个人水平与薄弱点,5,41,12.195122,6.410256
25,human_help,真人答疑与求助负担,1,41,2.439024,1.282051
25,organization_access,时间地点与组织安排,0,41,0.000000,0.000000
25,motivation,信心、乐趣与参与动力,1,41,2.439024,1.282051
25,challenge_level,更高难度与竞赛目标,1,41,2.439024,1.282051
25,ai_boundaries,AI 使用边界与资源,2,41,4.878049,2.564103
25,unspecified,诉求不够具体,1,41,2.439024,1.282051
