rank,option_added,selected_count,new_people,unique_people_covered,denominator,coverage_percent
1,C/C++ 基础不熟练,43,43,43,78,55.128205
2,不知道应该使用什么算法,37,16,59,78,75.641026
3,自己写代码经常出现 Bug,29,9,68,78,87.179487
4,缺少训练计划,26,5,73,78,93.589744
5,看不懂题目描述,24,2,75,78,96.153846
6,知道算法，但是不会实现,24,1,76,78,97.435897
7,数学基础不足,16,2,78,78,100.000000
8,数据结构掌握不好,15,0,78,78,100.000000
9,WA 后不知道哪里错了,14,0,78,78,100.000000
10,学习内容太多，不知道顺序,14,0,78,78,100.000000
11,TLE 后不知道如何优化,12,0,78,78,100.000000
12,不知道应该刷什么题,11,0,78,78,100.000000
13,学过知识之后很快忘记,10,0,78,78,100.000000
14,不知道自己的薄弱点在哪里,7,0,78,78,100.000000
15,看不懂题解,6,0,78,78,100.000000
16,看不懂别人的代码,5,0,78,78,100.000000
17,容易因为长时间不会做题而放弃,3,0,78,78,100.000000
