pain_a,pain_b,cooccurrence,count_a,count_b,support_percent,jaccard,lift
C/C++ 基础不熟练,不知道应该使用什么算法,21,43,37,26.923077,0.355932,1.029541
不知道应该使用什么算法,看不懂题目描述,16,37,24,20.512821,0.355556,1.405405
C/C++ 基础不熟练,看不懂题目描述,15,43,24,19.230769,0.288462,1.133721
C/C++ 基础不熟练,知道算法，但是不会实现,15,43,24,19.230769,0.288462,1.133721
C/C++ 基础不熟练,自己写代码经常出现 Bug,15,43,29,19.230769,0.263158,0.938252
C/C++ 基础不熟练,数据结构掌握不好,12,43,15,15.384615,0.260870,1.451163
自己写代码经常出现 Bug,缺少训练计划,12,29,26,15.384615,0.279070,1.241379
C/C++ 基础不熟练,缺少训练计划,12,43,26,15.384615,0.210526,0.837209
不知道应该使用什么算法,知道算法，但是不会实现,11,37,24,14.102564,0.220000,0.966216
不知道应该使用什么算法,自己写代码经常出现 Bug,10,37,29,12.820513,0.178571,0.726934
自己写代码经常出现 Bug,WA 后不知道哪里错了,9,29,14,11.538462,0.264706,1.729064
缺少训练计划,知道算法，但是不会实现,9,26,24,11.538462,0.219512,1.125000
自己写代码经常出现 Bug,学习内容太多，不知道顺序,8,29,14,10.256410,0.228571,1.536946
不知道应该使用什么算法,数据结构掌握不好,8,37,15,10.256410,0.181818,1.124324
看不懂题目描述,知道算法，但是不会实现,8,24,24,10.256410,0.200000,1.083333
C/C++ 基础不熟练,WA 后不知道哪里错了,8,43,14,10.256410,0.163265,1.036545
C/C++ 基础不熟练,数学基础不足,8,43,16,10.256410,0.156863,0.906977
知道算法，但是不会实现,数据结构掌握不好,7,24,15,8.974359,0.218750,1.516667
C/C++ 基础不熟练,学过知识之后很快忘记,7,43,10,8.974359,0.152174,1.269767
C/C++ 基础不熟练,TLE 后不知道如何优化,7,43,12,8.974359,0.145833,1.058140
不知道应该使用什么算法,数学基础不足,7,37,16,8.974359,0.152174,0.922297
WA 后不知道哪里错了,学习内容太多，不知道顺序,6,14,14,7.692308,0.272727,2.387755
缺少训练计划,TLE 后不知道如何优化,6,26,12,7.692308,0.187500,1.500000
自己写代码经常出现 Bug,不知道应该刷什么题,6,29,11,7.692308,0.176471,1.467085
缺少训练计划,WA 后不知道哪里错了,6,26,14,7.692308,0.176471,1.285714
缺少训练计划,学习内容太多，不知道顺序,6,26,14,7.692308,0.176471,1.285714
自己写代码经常出现 Bug,知道算法，但是不会实现,6,29,24,7.692308,0.127660,0.672414
不知道应该使用什么算法,缺少训练计划,6,37,26,7.692308,0.105263,0.486486
学习内容太多，不知道顺序,不知道自己的薄弱点在哪里,5,14,7,6.410256,0.312500,3.979592
C/C++ 基础不熟练,看不懂别人的代码,5,43,5,6.410256,0.116279,1.813953
数学基础不足,数据结构掌握不好,5,16,15,6.410256,0.192308,1.625000
C/C++ 基础不熟练,看不懂题解,5,43,6,6.410256,0.113636,1.511628
知道算法，但是不会实现,TLE 后不知道如何优化,5,24,12,6.410256,0.161290,1.354167
自己写代码经常出现 Bug,学过知识之后很快忘记,5,29,10,6.410256,0.147059,1.344828
不知道应该使用什么算法,不知道应该刷什么题,5,37,11,6.410256,0.116279,0.958231
不知道应该使用什么算法,学习内容太多，不知道顺序,5,37,14,6.410256,0.108696,0.752896
C/C++ 基础不熟练,学习内容太多，不知道顺序,5,43,14,6.410256,0.096154,0.647841
缺少训练计划,看不懂题目描述,5,26,24,6.410256,0.111111,0.625000
自己写代码经常出现 Bug,看不懂题目描述,5,29,24,6.410256,0.104167,0.560345
学习内容太多，不知道顺序,不知道应该刷什么题,4,14,11,5.128205,0.190476,2.025974
数学基础不足,学过知识之后很快忘记,4,16,10,5.128205,0.181818,1.950000
数据结构掌握不好,TLE 后不知道如何优化,4,15,12,5.128205,0.173913,1.733333
不知道应该使用什么算法,看不懂别人的代码,4,37,5,5.128205,0.105263,1.686486
自己写代码经常出现 Bug,不知道自己的薄弱点在哪里,4,29,7,5.128205,0.125000,1.536946
缺少训练计划,不知道应该刷什么题,4,26,11,5.128205,0.121212,1.090909
看不懂题目描述,TLE 后不知道如何优化,4,24,12,5.128205,0.125000,1.083333
看不懂题目描述,学习内容太多，不知道顺序,4,24,14,5.128205,0.117647,0.928571
看不懂题目描述,数学基础不足,4,24,16,5.128205,0.111111,0.812500
缺少训练计划,数学基础不足,4,26,16,5.128205,0.105263,0.750000
自己写代码经常出现 Bug,数据结构掌握不好,4,29,15,5.128205,0.100000,0.717241
不知道应该使用什么算法,TLE 后不知道如何优化,4,37,12,5.128205,0.088889,0.702703
自己写代码经常出现 Bug,数学基础不足,4,29,16,5.128205,0.097561,0.672414
不知道应该使用什么算法,WA 后不知道哪里错了,4,37,14,5.128205,0.085106,0.602317
不知道应该刷什么题,不知道自己的薄弱点在哪里,3,11,7,3.846154,0.200000,3.038961
不知道应该刷什么题,学过知识之后很快忘记,3,11,10,3.846154,0.166667,2.127273
知道算法，但是不会实现,看不懂别人的代码,3,24,5,3.846154,0.115385,1.950000
看不懂题目描述,看不懂题解,3,24,6,3.846154,0.111111,1.625000
数据结构掌握不好,学过知识之后很快忘记,3,15,10,3.846154,0.136364,1.560000
缺少训练计划,看不懂题解,3,26,6,3.846154,0.103448,1.500000
缺少训练计划,不知道自己的薄弱点在哪里,3,26,7,3.846154,0.100000,1.285714
不知道应该使用什么算法,看不懂题解,3,37,6,3.846154,0.075000,1.054054
看不懂题目描述,学过知识之后很快忘记,3,24,10,3.846154,0.096774,0.975000
不知道应该使用什么算法,不知道自己的薄弱点在哪里,3,37,7,3.846154,0.073171,0.903475
知道算法，但是不会实现,不知道应该刷什么题,3,24,11,3.846154,0.093750,0.886364
自己写代码经常出现 Bug,TLE 后不知道如何优化,3,29,12,3.846154,0.078947,0.672414
看不懂题目描述,数据结构掌握不好,3,24,15,3.846154,0.083333,0.650000
不知道应该使用什么算法,学过知识之后很快忘记,3,37,10,3.846154,0.068182,0.632432
知道算法，但是不会实现,数学基础不足,3,24,16,3.846154,0.081081,0.609375
C/C++ 基础不熟练,不知道应该刷什么题,3,43,11,3.846154,0.058824,0.494715
不知道应该刷什么题,容易因为长时间不会做题而放弃,2,11,3,2.564103,0.166667,4.727273
学过知识之后很快忘记,看不懂题解,2,10,6,2.564103,0.142857,2.600000
数据结构掌握不好,看不懂别人的代码,2,15,5,2.564103,0.111111,2.080000
缺少训练计划,容易因为长时间不会做题而放弃,2,26,3,2.564103,0.074074,2.000000
不知道应该使用什么算法,容易因为长时间不会做题而放弃,2,37,3,2.564103,0.052632,1.405405
看不懂题目描述,看不懂别人的代码,2,24,5,2.564103,0.074074,1.300000
TLE 后不知道如何优化,学过知识之后很快忘记,2,12,10,2.564103,0.100000,1.300000
学习内容太多，不知道顺序,学过知识之后很快忘记,2,14,10,2.564103,0.090909,1.114286
WA 后不知道哪里错了,不知道应该刷什么题,2,14,11,2.564103,0.086957,1.012987
数据结构掌握不好,不知道应该刷什么题,2,15,11,2.564103,0.083333,0.945455
看不懂题目描述,不知道自己的薄弱点在哪里,2,24,7,2.564103,0.068966,0.928571
WA 后不知道哪里错了,TLE 后不知道如何优化,2,14,12,2.564103,0.083333,0.928571
自己写代码经常出现 Bug,看不懂题解,2,29,6,2.564103,0.060606,0.896552
数学基础不足,TLE 后不知道如何优化,2,16,12,2.564103,0.076923,0.812500
数学基础不足,WA 后不知道哪里错了,2,16,14,2.564103,0.071429,0.696429
数学基础不足,学习内容太多，不知道顺序,2,16,14,2.564103,0.071429,0.696429
缺少训练计划,学过知识之后很快忘记,2,26,10,2.564103,0.058824,0.600000
看不懂题目描述,不知道应该刷什么题,2,24,11,2.564103,0.060606,0.590909
知道算法，但是不会实现,WA 后不知道哪里错了,2,24,14,2.564103,0.055556,0.464286
知道算法，但是不会实现,学习内容太多，不知道顺序,2,24,14,2.564103,0.055556,0.464286
缺少训练计划,数据结构掌握不好,2,26,15,2.564103,0.051282,0.400000
不知道自己的薄弱点在哪里,容易因为长时间不会做题而放弃,1,7,3,1.282051,0.111111,3.714286
看不懂题解,看不懂别人的代码,1,6,5,1.282051,0.100000,2.600000
学习内容太多，不知道顺序,容易因为长时间不会做题而放弃,1,14,3,1.282051,0.062500,1.857143
不知道自己的薄弱点在哪里,看不懂题解,1,7,6,1.282051,0.083333,1.857143
数据结构掌握不好,容易因为长时间不会做题而放弃,1,15,3,1.282051,0.058824,1.733333
数学基础不足,容易因为长时间不会做题而放弃,1,16,3,1.282051,0.055556,1.625000
学过知识之后很快忘记,不知道自己的薄弱点在哪里,1,10,7,1.282051,0.062500,1.114286
知道算法，但是不会实现,容易因为长时间不会做题而放弃,1,24,3,1.282051,0.038462,1.083333
数学基础不足,看不懂别人的代码,1,16,5,1.282051,0.050000,0.975000
学习内容太多，不知道顺序,看不懂题解,1,14,6,1.282051,0.052632,0.928571
自己写代码经常出现 Bug,容易因为长时间不会做题而放弃,1,29,3,1.282051,0.032258,0.896552
数据结构掌握不好,看不懂题解,1,15,6,1.282051,0.050000,0.866667
数学基础不足,看不懂题解,1,16,6,1.282051,0.047619,0.812500
WA 后不知道哪里错了,不知道自己的薄弱点在哪里,1,14,7,1.282051,0.050000,0.795918
数学基础不足,不知道自己的薄弱点在哪里,1,16,7,1.282051,0.045455,0.696429
缺少训练计划,看不懂别人的代码,1,26,5,1.282051,0.033333,0.600000
WA 后不知道哪里错了,学过知识之后很快忘记,1,14,10,1.282051,0.043478,0.557143
知道算法，但是不会实现,看不懂题解,1,24,6,1.282051,0.034483,0.541667
自己写代码经常出现 Bug,看不懂别人的代码,1,29,5,1.282051,0.030303,0.537931
知道算法，但是不会实现,不知道自己的薄弱点在哪里,1,24,7,1.282051,0.033333,0.464286
学习内容太多，不知道顺序,TLE 后不知道如何优化,1,14,12,1.282051,0.040000,0.464286
数学基础不足,不知道应该刷什么题,1,16,11,1.282051,0.038462,0.443182
数据结构掌握不好,WA 后不知道哪里错了,1,15,14,1.282051,0.035714,0.371429
数据结构掌握不好,学习内容太多，不知道顺序,1,15,14,1.282051,0.035714,0.371429
知道算法，但是不会实现,学过知识之后很快忘记,1,24,10,1.282051,0.030303,0.325000
C/C++ 基础不熟练,不知道自己的薄弱点在哪里,1,43,7,1.282051,0.020408,0.259136
看不懂题目描述,WA 后不知道哪里错了,1,24,14,1.282051,0.027027,0.232143
C/C++ 基础不熟练,容易因为长时间不会做题而放弃,0,43,3,0.000000,0.000000,0.000000
看不懂题目描述,容易因为长时间不会做题而放弃,0,24,3,0.000000,0.000000,0.000000
数据结构掌握不好,不知道自己的薄弱点在哪里,0,15,7,0.000000,0.000000,0.000000
WA 后不知道哪里错了,看不懂题解,0,14,6,0.000000,0.000000,0.000000
WA 后不知道哪里错了,看不懂别人的代码,0,14,5,0.000000,0.000000,0.000000
WA 后不知道哪里错了,容易因为长时间不会做题而放弃,0,14,3,0.000000,0.000000,0.000000
学习内容太多，不知道顺序,看不懂别人的代码,0,14,5,0.000000,0.000000,0.000000
TLE 后不知道如何优化,不知道应该刷什么题,0,12,11,0.000000,0.000000,0.000000
TLE 后不知道如何优化,不知道自己的薄弱点在哪里,0,12,7,0.000000,0.000000,0.000000
TLE 后不知道如何优化,看不懂题解,0,12,6,0.000000,0.000000,0.000000
TLE 后不知道如何优化,看不懂别人的代码,0,12,5,0.000000,0.000000,0.000000
TLE 后不知道如何优化,容易因为长时间不会做题而放弃,0,12,3,0.000000,0.000000,0.000000
不知道应该刷什么题,看不懂题解,0,11,6,0.000000,0.000000,0.000000
不知道应该刷什么题,看不懂别人的代码,0,11,5,0.000000,0.000000,0.000000
学过知识之后很快忘记,看不懂别人的代码,0,10,5,0.000000,0.000000,0.000000
学过知识之后很快忘记,容易因为长时间不会做题而放弃,0,10,3,0.000000,0.000000,0.000000
不知道自己的薄弱点在哪里,看不懂别人的代码,0,7,5,0.000000,0.000000,0.000000
看不懂题解,容易因为长时间不会做题而放弃,0,6,3,0.000000,0.000000,0.000000
看不懂别人的代码,容易因为长时间不会做题而放弃,0,5,3,0.000000,0.000000,0.000000
