analysis_id,quality_status,quality_reasons,review_flags
R001,valid,,top_priority_outside_q18_not_exclusion
R002,valid,,top_priority_outside_q18_not_exclusion
R003,valid,,top_priority_outside_q18_not_exclusion
R004,valid,,
R005,valid,,
R006,valid,,
R007,valid,,top_priority_outside_q18_not_exclusion
R008,valid,,
R009,valid,,
R010,valid,,
R011,valid,,
R012,valid,,
R013,valid,,
R014,valid,,
R015,valid,,
R016,valid,,
R017,valid,,
R018,valid,,
R019,valid,,
R020,valid,,top_priority_outside_q18_not_exclusion
R021,suspected,q9_exclusive_conflict,
R022,valid,,
R023,suspected,q9_exclusive_conflict,top_priority_outside_q18_not_exclusion
R024,valid,,top_priority_outside_q18_not_exclusion
R025,valid,,
R026,valid,,
R027,valid,,top_priority_outside_q18_not_exclusion
R028,valid,,
R029,valid,,
R030,valid,,
R031,valid,,
R032,valid,,
R033,suspected,q22_exclusive_conflict,
R034,valid,,duration_under_90_seconds_not_exclusion;top_priority_outside_q18_not_exclusion
R035,valid,,top_priority_outside_q18_not_exclusion
R036,valid,,top_priority_outside_q18_not_exclusion
R037,valid,,top_priority_outside_q18_not_exclusion
R038,valid,,
R039,valid,,
R040,valid,,
R041,valid,,
R042,valid,,
R043,valid,,
R044,valid,,
R045,valid,,
R046,valid,,
R047,valid,,
R048,valid,,
R049,valid,,top_priority_outside_q18_not_exclusion
R050,valid,,
R051,valid,,
R052,valid,,top_priority_outside_q18_not_exclusion
R053,valid,,
R054,valid,,
R055,valid,,
R056,valid,,
R057,suspected,q17_exclusive_conflict,
R058,valid,,
R059,valid,,top_priority_outside_q18_not_exclusion
R060,valid,,
R061,valid,,
R062,valid,,
R063,valid,,
R064,valid,,
R065,suspected,q17_exclusive_conflict,top_priority_outside_q18_not_exclusion
R066,valid,,
R067,valid,,
R068,valid,,
R069,valid,,top_priority_outside_q18_not_exclusion
R070,valid,,top_priority_outside_q18_not_exclusion
R071,valid,,
R072,valid,,
R073,valid,,
R074,valid,,
R075,valid,,
R076,valid,,
R077,valid,,top_priority_outside_q18_not_exclusion
R078,valid,,
