question_id,selected_options,count,denominator
5,1,8,78
5,2,12,78
5,3,7,78
5,4,12,78
5,5,39,78
7,1,13,78
7,2,18,78
7,3,21,78
7,4,15,78
7,5,4,78
7,6,3,78
7,7,2,78
7,8,2,78
9,1,17,78
9,2,15,78
9,3,15,78
9,4,16,78
9,5,8,78
9,6,2,78
9,7,2,78
9,8,2,78
9,9,1,78
10,1,20,78
10,2,18,78
10,3,23,78
10,4,7,78
10,5,8,78
10,8,1,78
10,9,1,78
13,1,26,71
13,2,25,71
13,3,13,71
13,4,5,71
13,5,1,71
13,7,1,71
14,1,10,71
14,2,13,71
14,3,10,71
14,4,13,71
14,5,10,71
14,6,6,71
14,7,1,71
14,9,2,71
14,10,2,71
14,12,2,71
14,13,1,71
14,14,1,71
17,1,20,71
17,2,16,71
17,3,12,71
17,4,8,71
17,5,7,71
17,6,3,71
17,7,2,71
17,8,1,71
17,9,1,71
17,12,1,71
18,1,6,78
18,2,8,78
18,3,8,78
18,4,5,78
18,5,51,78
22,1,7,78
22,2,6,78
22,3,19,78
22,4,19,78
22,5,11,78
22,6,8,78
22,7,3,78
22,8,2,78
22,9,2,78
22,10,1,78
