group,question_id,option,count,denominator,percent
尚未接触,5,C/C++ 基础不熟练,14,19,73.684211
尚未接触,5,不知道应该使用什么算法,10,19,52.631579
尚未接触,5,自己写代码经常出现 Bug,6,19,31.578947
尚未接触,5,缺少训练计划,7,19,36.842105
尚未接触,5,看不懂题目描述,9,19,47.368421
尚未接触,5,知道算法，但是不会实现,8,19,42.105263
尚未接触,5,数学基础不足,2,19,10.526316
尚未接触,5,数据结构掌握不好,3,19,15.789474
尚未接触,5,WA 后不知道哪里错了,1,19,5.263158
尚未接触,5,学习内容太多，不知道顺序,2,19,10.526316
尚未接触,5,TLE 后不知道如何优化,0,19,0.000000
尚未接触,5,不知道应该刷什么题,4,19,21.052632
尚未接触,5,学过知识之后很快忘记,3,19,15.789474
尚未接触,5,不知道自己的薄弱点在哪里,2,19,10.526316
尚未接触,5,看不懂题解,3,19,15.789474
尚未接触,5,看不懂别人的代码,3,19,15.789474
尚未接触,5,容易因为长时间不会做题而放弃,1,19,5.263158
基础语法,5,C/C++ 基础不熟练,20,34,58.823529
基础语法,5,不知道应该使用什么算法,18,34,52.941176
基础语法,5,自己写代码经常出现 Bug,13,34,38.235294
基础语法,5,缺少训练计划,10,34,29.411765
基础语法,5,看不懂题目描述,8,34,23.529412
基础语法,5,知道算法，但是不会实现,7,34,20.588235
基础语法,5,数学基础不足,7,34,20.588235
基础语法,5,数据结构掌握不好,7,34,20.588235
基础语法,5,WA 后不知道哪里错了,6,34,17.647059
基础语法,5,学习内容太多，不知道顺序,7,34,20.588235
基础语法,5,TLE 后不知道如何优化,7,34,20.588235
基础语法,5,不知道应该刷什么题,3,34,8.823529
基础语法,5,学过知识之后很快忘记,3,34,8.823529
基础语法,5,不知道自己的薄弱点在哪里,3,34,8.823529
基础语法,5,看不懂题解,3,34,8.823529
基础语法,5,看不懂别人的代码,2,34,5.882353
基础语法,5,容易因为长时间不会做题而放弃,0,34,0.000000
数组及以上,5,C/C++ 基础不熟练,9,25,36.000000
数组及以上,5,不知道应该使用什么算法,9,25,36.000000
数组及以上,5,自己写代码经常出现 Bug,10,25,40.000000
数组及以上,5,缺少训练计划,9,25,36.000000
数组及以上,5,看不懂题目描述,7,25,28.000000
数组及以上,5,知道算法，但是不会实现,9,25,36.000000
数组及以上,5,数学基础不足,7,25,28.000000
数组及以上,5,数据结构掌握不好,5,25,20.000000
数组及以上,5,WA 后不知道哪里错了,7,25,28.000000
数组及以上,5,学习内容太多，不知道顺序,5,25,20.000000
数组及以上,5,TLE 后不知道如何优化,5,25,20.000000
数组及以上,5,不知道应该刷什么题,4,25,16.000000
数组及以上,5,学过知识之后很快忘记,4,25,16.000000
数组及以上,5,不知道自己的薄弱点在哪里,2,25,8.000000
数组及以上,5,看不懂题解,0,25,0.000000
数组及以上,5,看不懂别人的代码,0,25,0.000000
数组及以上,5,容易因为长时间不会做题而放弃,2,25,8.000000
尚未接触,9,觉得问题太基础，不好意思问,17,19,89.473684
尚未接触,9,不知道应该怎么描述自己的问题,12,19,63.157895
尚未接触,9,比起问别人，更习惯询问 AI,3,19,15.789474
尚未接触,9,担心别人觉得自己能力比较差,10,19,52.631579
尚未接触,9,面对面交流有些紧张或尴尬,6,19,31.578947
尚未接触,9,担心影响别人,8,19,42.105263
尚未接触,9,有时候别人讲了之后仍然听不懂,8,19,42.105263
尚未接触,9,比起问别人，更习惯自己搜索,5,19,26.315789
尚未接触,9,不知道应该找谁问,7,19,36.842105
尚未接触,9,我基本没有这方面顾虑,1,19,5.263158
尚未接触,9,对方不一定有时间回复,2,19,10.526316
尚未接触,9,其他,0,19,0.000000
基础语法,9,觉得问题太基础，不好意思问,20,34,58.823529
基础语法,9,不知道应该怎么描述自己的问题,15,34,44.117647
基础语法,9,比起问别人，更习惯询问 AI,12,34,35.294118
基础语法,9,担心别人觉得自己能力比较差,8,34,23.529412
基础语法,9,面对面交流有些紧张或尴尬,12,34,35.294118
基础语法,9,担心影响别人,8,34,23.529412
基础语法,9,有时候别人讲了之后仍然听不懂,6,34,17.647059
基础语法,9,比起问别人，更习惯自己搜索,8,34,23.529412
基础语法,9,不知道应该找谁问,1,34,2.941176
基础语法,9,我基本没有这方面顾虑,3,34,8.823529
基础语法,9,对方不一定有时间回复,1,34,2.941176
基础语法,9,其他,0,34,0.000000
数组及以上,9,觉得问题太基础，不好意思问,12,25,48.000000
数组及以上,9,不知道应该怎么描述自己的问题,6,25,24.000000
数组及以上,9,比起问别人，更习惯询问 AI,11,25,44.000000
数组及以上,9,担心别人觉得自己能力比较差,7,25,28.000000
数组及以上,9,面对面交流有些紧张或尴尬,7,25,28.000000
数组及以上,9,担心影响别人,6,25,24.000000
数组及以上,9,有时候别人讲了之后仍然听不懂,8,25,32.000000
数组及以上,9,比起问别人，更习惯自己搜索,7,25,28.000000
数组及以上,9,不知道应该找谁问,3,25,12.000000
数组及以上,9,我基本没有这方面顾虑,3,25,12.000000
数组及以上,9,对方不一定有时间回复,3,25,12.000000
数组及以上,9,其他,1,25,4.000000
尚未接触,10,看完题解感觉懂了，但是自己还是写不出来,16,19,84.210526
尚未接触,10,一道题卡很久但不知道自己卡在哪里,12,19,63.157895
尚未接触,10,复制或参考代码后通过了，但实际上没有真正掌握,2,19,10.526316
尚未接触,10,不知道一道题为什么应该使用某个算法,3,19,15.789474
尚未接触,10,同一个知识点反复犯错,4,19,21.052632
尚未接触,10,不知道下一阶段应该学习什么,5,19,26.315789
尚未接触,10,做了很多题，但是不知道自己有没有真正进步,0,19,0.000000
尚未接触,10,不知道自己应该继续做当前题还是换一道题,4,19,21.052632
尚未接触,10,学过某个算法，但比赛时想不起来,3,19,15.789474
尚未接触,10,上面这些情况基本没有出现过,0,19,0.000000
基础语法,10,看完题解感觉懂了，但是自己还是写不出来,24,34,70.588235
基础语法,10,一道题卡很久但不知道自己卡在哪里,17,34,50.000000
基础语法,10,复制或参考代码后通过了，但实际上没有真正掌握,12,34,35.294118
基础语法,10,不知道一道题为什么应该使用某个算法,12,34,35.294118
基础语法,10,同一个知识点反复犯错,6,34,17.647059
基础语法,10,不知道下一阶段应该学习什么,5,34,14.705882
基础语法,10,做了很多题，但是不知道自己有没有真正进步,5,34,14.705882
基础语法,10,不知道自己应该继续做当前题还是换一道题,2,34,5.882353
基础语法,10,学过某个算法，但比赛时想不起来,2,34,5.882353
基础语法,10,上面这些情况基本没有出现过,1,34,2.941176
数组及以上,10,看完题解感觉懂了，但是自己还是写不出来,13,25,52.000000
数组及以上,10,一道题卡很久但不知道自己卡在哪里,10,25,40.000000
数组及以上,10,复制或参考代码后通过了，但实际上没有真正掌握,11,25,44.000000
数组及以上,10,不知道一道题为什么应该使用某个算法,7,25,28.000000
数组及以上,10,同一个知识点反复犯错,8,25,32.000000
数组及以上,10,不知道下一阶段应该学习什么,7,25,28.000000
数组及以上,10,做了很多题，但是不知道自己有没有真正进步,9,25,36.000000
数组及以上,10,不知道自己应该继续做当前题还是换一道题,5,25,20.000000
数组及以上,10,学过某个算法，但比赛时想不起来,5,25,20.000000
数组及以上,10,上面这些情况基本没有出现过,0,25,0.000000
尚未接触,17,AI 给出了错误答案,5,14,35.714286
尚未接触,17,使用 AI 后虽然题做出来了，但自己没有真正掌握,6,14,42.857143
尚未接触,17,代码能够运行，但是思路并不正确,3,14,21.428571
尚未接触,17,AI 直接把完整答案告诉我，导致自己缺少思考,6,14,42.857143
尚未接触,17,AI 不了解我的真实学习水平,3,14,21.428571
尚未接触,17,不知道 AI 的答案是否可信,4,14,28.571429
尚未接触,17,AI 无法长期记录我的训练情况,4,14,28.571429
尚未接触,17,AI 的解释太复杂,3,14,21.428571
尚未接触,17,同一个问题多次询问得到不同答案,4,14,28.571429
尚未接触,17,AI 的解释太简单,2,14,14.285714
尚未接触,17,暂时没有明显问题,2,14,14.285714
尚未接触,17,不知道应该怎么向 AI 提问,5,14,35.714286
尚未接触,17,AI 不知道我以前学过什么,2,14,14.285714
尚未接触,17,AI 推荐的学习内容不适合自己,1,14,7.142857
尚未接触,17,其他,1,14,7.142857
基础语法,17,AI 给出了错误答案,13,34,38.235294
基础语法,17,使用 AI 后虽然题做出来了，但自己没有真正掌握,14,34,41.176471
基础语法,17,代码能够运行，但是思路并不正确,12,34,35.294118
基础语法,17,AI 直接把完整答案告诉我，导致自己缺少思考,10,34,29.411765
基础语法,17,AI 不了解我的真实学习水平,6,34,17.647059
基础语法,17,不知道 AI 的答案是否可信,7,34,20.588235
基础语法,17,AI 无法长期记录我的训练情况,5,34,14.705882
基础语法,17,AI 的解释太复杂,4,34,11.764706
基础语法,17,同一个问题多次询问得到不同答案,3,34,8.823529
基础语法,17,AI 的解释太简单,4,34,11.764706
基础语法,17,暂时没有明显问题,4,34,11.764706
基础语法,17,不知道应该怎么向 AI 提问,3,34,8.823529
基础语法,17,AI 不知道我以前学过什么,3,34,8.823529
基础语法,17,AI 推荐的学习内容不适合自己,1,34,2.941176
基础语法,17,其他,0,34,0.000000
数组及以上,17,AI 给出了错误答案,12,23,52.173913
数组及以上,17,使用 AI 后虽然题做出来了，但自己没有真正掌握,7,23,30.434783
数组及以上,17,代码能够运行，但是思路并不正确,8,23,34.782609
数组及以上,17,AI 直接把完整答案告诉我，导致自己缺少思考,4,23,17.391304
数组及以上,17,AI 不了解我的真实学习水平,7,23,30.434783
数组及以上,17,不知道 AI 的答案是否可信,5,23,21.739130
数组及以上,17,AI 无法长期记录我的训练情况,6,23,26.086957
数组及以上,17,AI 的解释太复杂,8,23,34.782609
数组及以上,17,同一个问题多次询问得到不同答案,5,23,21.739130
数组及以上,17,AI 的解释太简单,5,23,21.739130
数组及以上,17,暂时没有明显问题,4,23,17.391304
数组及以上,17,不知道应该怎么向 AI 提问,1,23,4.347826
数组及以上,17,AI 不知道我以前学过什么,2,23,8.695652
数组及以上,17,AI 推荐的学习内容不适合自己,2,23,8.695652
数组及以上,17,其他,0,23,0.000000
尚未接触,18,根据我的水平推荐题目,15,19,78.947368
尚未接触,18,自动制定阶段训练计划,5,19,26.315789
尚未接触,18,遇到不会的题时逐步给思路,10,19,52.631579
尚未接触,18,通过提问引导我自己找到答案，而不是直接给完整代码,8,19,42.105263
尚未接触,18,判断我在哪些知识点比较薄弱,8,19,42.105263
尚未接触,18,帮我检查代码中的问题,7,19,36.842105
尚未接触,18,讲解算法知识点,2,19,10.526316
尚未接触,18,自动分析我的 WA、TLE、RE,0,19,0.000000
尚未接触,18,讲解题解,3,19,15.789474
尚未接触,18,自动记录错题,1,19,5.263158
尚未接触,18,随时回答“不好意思问别人”的基础问题,3,19,15.789474
尚未接触,18,比赛结束后自动生成复盘报告,2,19,10.526316
尚未接触,18,根据历史做题记录生成能力画像,2,19,10.526316
尚未接触,18,统计自己的训练进度,1,19,5.263158
尚未接触,18,根据全队训练情况帮助教练发现共同薄弱点,2,19,10.526316
尚未接触,18,自动安排复习,1,19,5.263158
尚未接触,18,将集训队高频问题整理后提供给教练,0,19,0.000000
基础语法,18,根据我的水平推荐题目,23,34,67.647059
基础语法,18,自动制定阶段训练计划,21,34,61.764706
基础语法,18,遇到不会的题时逐步给思路,15,34,44.117647
基础语法,18,通过提问引导我自己找到答案，而不是直接给完整代码,14,34,41.176471
基础语法,18,判断我在哪些知识点比较薄弱,12,34,35.294118
基础语法,18,帮我检查代码中的问题,12,34,35.294118
基础语法,18,讲解算法知识点,9,34,26.470588
基础语法,18,自动分析我的 WA、TLE、RE,7,34,20.588235
基础语法,18,讲解题解,8,34,23.529412
基础语法,18,自动记录错题,8,34,23.529412
基础语法,18,随时回答“不好意思问别人”的基础问题,6,34,17.647059
基础语法,18,比赛结束后自动生成复盘报告,4,34,11.764706
基础语法,18,根据历史做题记录生成能力画像,2,34,5.882353
基础语法,18,统计自己的训练进度,3,34,8.823529
基础语法,18,根据全队训练情况帮助教练发现共同薄弱点,1,34,2.941176
基础语法,18,自动安排复习,2,34,5.882353
基础语法,18,将集训队高频问题整理后提供给教练,0,34,0.000000
数组及以上,18,根据我的水平推荐题目,19,25,76.000000
数组及以上,18,自动制定阶段训练计划,12,25,48.000000
数组及以上,18,遇到不会的题时逐步给思路,13,25,52.000000
数组及以上,18,通过提问引导我自己找到答案，而不是直接给完整代码,10,25,40.000000
数组及以上,18,判断我在哪些知识点比较薄弱,9,25,36.000000
数组及以上,18,帮我检查代码中的问题,9,25,36.000000
数组及以上,18,讲解算法知识点,8,25,32.000000
数组及以上,18,自动分析我的 WA、TLE、RE,7,25,28.000000
数组及以上,18,讲解题解,3,25,12.000000
数组及以上,18,自动记录错题,3,25,12.000000
数组及以上,18,随时回答“不好意思问别人”的基础问题,2,25,8.000000
数组及以上,18,比赛结束后自动生成复盘报告,2,25,8.000000
数组及以上,18,根据历史做题记录生成能力画像,3,25,12.000000
数组及以上,18,统计自己的训练进度,1,25,4.000000
数组及以上,18,根据全队训练情况帮助教练发现共同薄弱点,1,25,4.000000
数组及以上,18,自动安排复习,1,25,4.000000
数组及以上,18,将集训队高频问题整理后提供给教练,1,25,4.000000
尚未接触,19,根据我的水平推荐题目,8,19,42.105263
尚未接触,19,通过提问引导我自己找到答案，而不是直接给完整代码,2,19,10.526316
尚未接触,19,自动制定阶段训练计划,1,19,5.263158
尚未接触,19,帮我检查代码中的问题,0,19,0.000000
尚未接触,19,讲解算法知识点,2,19,10.526316
尚未接触,19,判断我在哪些知识点比较薄弱,1,19,5.263158
尚未接触,19,随时回答“不好意思问别人”的基础问题,1,19,5.263158
尚未接触,19,自动分析我的 WA、TLE、RE,0,19,0.000000
尚未接触,19,自动记录错题,1,19,5.263158
尚未接触,19,讲解题解,1,19,5.263158
尚未接触,19,遇到不会的题时逐步给思路,1,19,5.263158
尚未接触,19,将集训队高频问题整理后提供给教练,0,19,0.000000
尚未接触,19,根据全队训练情况帮助教练发现共同薄弱点,1,19,5.263158
尚未接触,19,自动安排复习,0,19,0.000000
基础语法,19,根据我的水平推荐题目,4,34,11.764706
基础语法,19,通过提问引导我自己找到答案，而不是直接给完整代码,8,34,23.529412
基础语法,19,自动制定阶段训练计划,7,34,20.588235
基础语法,19,帮我检查代码中的问题,4,34,11.764706
基础语法,19,讲解算法知识点,3,34,8.823529
基础语法,19,判断我在哪些知识点比较薄弱,1,34,2.941176
基础语法,19,随时回答“不好意思问别人”的基础问题,2,34,5.882353
基础语法,19,自动分析我的 WA、TLE、RE,1,34,2.941176
基础语法,19,自动记录错题,1,34,2.941176
基础语法,19,讲解题解,1,34,2.941176
基础语法,19,遇到不会的题时逐步给思路,1,34,2.941176
基础语法,19,将集训队高频问题整理后提供给教练,0,34,0.000000
基础语法,19,根据全队训练情况帮助教练发现共同薄弱点,0,34,0.000000
基础语法,19,自动安排复习,1,34,2.941176
数组及以上,19,根据我的水平推荐题目,5,25,20.000000
数组及以上,19,通过提问引导我自己找到答案，而不是直接给完整代码,6,25,24.000000
数组及以上,19,自动制定阶段训练计划,2,25,8.000000
数组及以上,19,帮我检查代码中的问题,4,25,16.000000
数组及以上,19,讲解算法知识点,1,25,4.000000
数组及以上,19,判断我在哪些知识点比较薄弱,2,25,8.000000
数组及以上,19,随时回答“不好意思问别人”的基础问题,1,25,4.000000
数组及以上,19,自动分析我的 WA、TLE、RE,2,25,8.000000
数组及以上,19,自动记录错题,1,25,4.000000
数组及以上,19,讲解题解,0,25,0.000000
数组及以上,19,遇到不会的题时逐步给思路,0,25,0.000000
数组及以上,19,将集训队高频问题整理后提供给教练,1,25,4.000000
数组及以上,19,根据全队训练情况帮助教练发现共同薄弱点,0,25,0.000000
数组及以上,19,自动安排复习,0,25,0.000000
