question_id,question,option,count,denominator,percent,ci95_low,ci95_high,all_sample_percent,selection_total,multiple_choice,rank
5,5、目前程序设计学习中，你觉得比较困难的是哪些方面？,C/C++ 基础不熟练,43,78,55.128205,44.109369,65.665628,55.128205,296,True,1
5,5、目前程序设计学习中，你觉得比较困难的是哪些方面？,不知道应该使用什么算法,37,78,47.435897,36.737267,58.375235,47.435897,296,True,2
5,5、目前程序设计学习中，你觉得比较困难的是哪些方面？,自己写代码经常出现 Bug,29,78,37.179487,27.293562,48.268946,37.179487,296,True,3
5,5、目前程序设计学习中，你觉得比较困难的是哪些方面？,缺少训练计划,26,78,33.333333,23.872670,44.358590,33.333333,296,True,4
5,5、目前程序设计学习中，你觉得比较困难的是哪些方面？,看不懂题目描述,24,78,30.769231,21.631929,41.711833,30.769231,296,True,5
5,5、目前程序设计学习中，你觉得比较困难的是哪些方面？,知道算法，但是不会实现,24,78,30.769231,21.631929,41.711833,30.769231,296,True,5
5,5、目前程序设计学习中，你觉得比较困难的是哪些方面？,数学基础不足,16,78,20.512821,13.039795,30.753973,20.512821,296,True,7
5,5、目前程序设计学习中，你觉得比较困难的是哪些方面？,数据结构掌握不好,15,78,19.230769,12.015206,29.334813,19.230769,296,True,8
5,5、目前程序设计学习中，你觉得比较困难的是哪些方面？,WA 后不知道哪里错了,14,78,17.948718,11.003916,27.902354,17.948718,296,True,9
5,5、目前程序设计学习中，你觉得比较困难的是哪些方面？,学习内容太多，不知道顺序,14,78,17.948718,11.003916,27.902354,17.948718,296,True,9
5,5、目前程序设计学习中，你觉得比较困难的是哪些方面？,TLE 后不知道如何优化,12,78,15.384615,9.025505,24.993267,15.384615,296,True,11
5,5、目前程序设计学习中，你觉得比较困难的是哪些方面？,不知道应该刷什么题,11,78,14.102564,8.061044,23.513978,14.102564,296,True,12
5,5、目前程序设计学习中，你觉得比较困难的是哪些方面？,学过知识之后很快忘记,10,78,12.820513,7.115323,22.015950,12.820513,296,True,13
5,5、目前程序设计学习中，你觉得比较困难的是哪些方面？,不知道自己的薄弱点在哪里,7,78,8.974359,4.415301,17.384725,8.974359,296,True,14
5,5、目前程序设计学习中，你觉得比较困难的是哪些方面？,看不懂题解,6,78,7.692308,3.573046,15.783230,7.692308,296,True,15
5,5、目前程序设计学习中，你觉得比较困难的是哪些方面？,看不懂别人的代码,5,78,6.410256,2.768932,14.143595,6.410256,296,True,16
5,5、目前程序设计学习中，你觉得比较困难的是哪些方面？,容易因为长时间不会做题而放弃,3,78,3.846154,1.316583,10.708446,3.846154,296,True,17
